"","X","date","Alabama","Alaska","Arizona","Arkansas","California","Colorado","Connecticut","Delaware","District.of.Columbia","Florida","Georgia","Guam","Hawaii","Idaho","Illinois","Indiana","Iowa","Kansas","Kentucky","Louisiana","Maine","Maryland","Massachusetts","Michigan","Minnesota","Mississippi","Missouri","Montana","Nebraska","Nevada","New.Hampshire","New.Jersey","New.Mexico","New.York","North.Carolina","North.Dakota","Northern.Mariana.Islands","Ohio","Oklahoma","Oregon","Pennsylvania","Puerto.Rico","Rhode.Island","South.Carolina","South.Dakota","Tennessee","Texas","Utah","Vermont","Virgin.Islands","Virginia","Washington","West.Virginia","Wisconsin","Wyoming"
"1",1,"1",0,0,0,0,0,0,0,0,0,0,0,0,0,0,0,0,0,0,0,0,0,0,0,0,0,0,0,0,0,0,0,0,0,0,0,0,0,0,0,0,0,0,0,0,0,0,0,0,0,0,0,0,0,0,0
"2",2,"1",0,0,0,0,0,0,0,0,0,0,0,0,0,0,0,0,0,0,0,0,0,0,0,0,0,0,0,0,0,0,0,0,0,0,0,0,0,0,0,0,0,0,0,0,0,0,0,0,0,0,0,0,0,0,0
"3",3,"1",0,0,0,0,0,0,0,0,0,0,0,0,0,0,1,0,0,0,0,0,0,0,0,0,0,0,0,0,0,0,0,0,0,0,0,0,0,0,0,0,0,0,0,0,0,0,0,0,0,0,0,0,0,0,0
"4",4,"1",0,0,0,0,1,0,0,0,0,0,0,0,0,0,0,0,0,0,0,0,0,0,0,0,0,0,0,0,0,0,0,0,0,0,0,0,0,0,0,0,0,0,0,0,0,0,0,0,0,0,0,0,0,0,0
"5",5,"1",0,0,1,0,1,0,0,0,0,0,0,0,0,0,0,0,0,0,0,0,0,0,0,0,0,0,0,0,0,0,0,0,0,0,0,0,0,0,0,0,0,0,0,0,0,0,0,0,0,0,0,0,0,0,0
"6",6,"1",0,0,0,0,0,0,0,0,0,0,0,0,0,0,0,0,0,0,0,0,0,0,0,0,0,0,0,0,0,0,0,0,0,0,0,0,0,0,0,0,0,0,0,0,0,0,0,0,0,0,0,0,0,0,0
"7",7,"1",0,0,0,0,0,0,0,0,0,0,0,0,0,0,0,0,0,0,0,0,0,0,0,0,0,0,0,0,0,0,0,0,0,0,0,0,0,0,0,0,0,0,0,0,0,0,0,0,0,0,0,0,0,0,0
"8",8,"1",0,0,0,0,0,0,0,0,0,0,0,0,0,0,0,0,0,0,0,0,0,0,0,0,0,0,0,0,0,0,0,0,0,0,0,0,0,0,0,0,0,0,0,0,0,0,0,0,0,0,0,0,0,0,0
"9",9,"1",0,0,0,0,0,0,0,0,0,0,0,0,0,0,1,0,0,0,0,0,0,0,0,0,0,0,0,0,0,0,0,0,0,0,0,0,0,0,0,0,0,0,0,0,0,0,0,0,0,0,0,0,0,0,0
"10",10,"1",0,0,0,0,1,0,0,0,0,0,0,0,0,0,0,0,0,0,0,0,0,0,0,0,0,0,0,0,0,0,0,0,0,0,0,0,0,0,0,0,0,0,0,0,0,0,0,0,0,0,0,0,0,0,0
"11",11,"1",0,0,0,0,0,0,0,0,0,0,0,0,0,0,0,0,0,0,0,0,0,0,1,0,0,0,0,0,0,0,0,0,0,0,0,0,0,0,0,0,0,0,0,0,0,0,0,0,0,0,0,0,0,0,0
"12",12,"1",0,0,0,0,3,0,0,0,0,0,0,0,0,0,0,0,0,0,0,0,0,0,0,0,0,0,0,0,0,0,0,0,0,0,0,0,0,0,0,0,0,0,0,0,0,0,0,0,0,0,0,0,0,0,0
"13",13,"1",0,0,0,0,0,0,0,0,0,0,0,0,0,0,0,0,0,0,0,0,0,0,0,0,0,0,0,0,0,0,0,0,0,0,0,0,0,0,0,0,0,0,0,0,0,0,0,0,0,0,0,0,0,0,0
"14",14,"1",0,0,0,0,0,0,0,0,0,0,0,0,0,0,0,0,0,0,0,0,0,0,0,0,0,0,0,0,0,0,0,0,0,0,0,0,0,0,0,0,0,0,0,0,0,0,0,0,0,0,0,0,0,0,0
"15",15,"1",0,0,0,0,0,0,0,0,0,0,0,0,0,0,0,0,0,0,0,0,0,0,0,0,0,0,0,0,0,0,0,0,0,0,0,0,0,0,0,0,0,0,0,0,0,0,0,0,0,0,0,0,0,1,0
"16",16,"1",0,0,0,0,0,0,0,0,0,0,0,0,0,0,0,0,0,0,0,0,0,0,0,0,0,0,0,0,0,0,0,0,0,0,0,0,0,0,0,0,0,0,0,0,0,0,0,0,0,0,0,0,0,0,0
"17",17,"1",0,0,0,0,0,0,0,0,0,0,0,0,0,0,0,0,0,0,0,0,0,0,0,0,0,0,0,0,0,0,0,0,0,0,0,0,0,0,0,0,0,0,0,0,0,0,0,0,0,0,0,0,0,0,0
"18",18,"1",0,0,0,0,0,0,0,0,0,0,0,0,0,0,0,0,0,0,0,0,0,0,0,0,0,0,0,0,0,0,0,0,0,0,0,0,0,0,0,0,0,0,0,0,0,0,0,0,0,0,0,0,0,0,0
"19",19,"1",0,0,0,0,0,0,0,0,0,0,0,0,0,0,0,0,0,0,0,0,0,0,0,0,0,0,0,0,0,0,0,0,0,0,0,0,0,0,0,0,0,0,0,0,0,0,0,0,0,0,0,0,0,0,0
"20",20,"1",0,0,0,0,1,0,0,0,0,0,0,0,0,0,0,0,0,0,0,0,0,0,0,0,0,0,0,0,0,0,0,0,0,0,0,0,0,0,0,0,0,0,0,0,0,0,0,0,0,0,0,0,0,0,0
"21",21,"1",0,0,0,0,0,0,0,0,0,0,0,0,0,0,0,0,0,0,0,0,0,0,0,0,0,0,0,0,0,0,0,0,0,0,0,0,0,0,0,0,0,0,0,0,0,0,0,0,0,0,0,0,0,0,0
"22",22,"1",0,0,0,0,0,0,0,0,0,0,0,0,0,0,0,0,0,0,0,0,0,0,0,0,0,0,0,0,0,0,0,0,0,0,0,0,0,0,0,0,0,0,0,0,0,0,1,0,0,0,0,0,0,0,0
"23",23,"1",0,0,0,0,0,0,0,0,0,0,0,0,0,0,0,0,0,0,0,0,0,0,0,0,0,0,0,0,0,0,0,0,0,0,0,0,0,0,0,0,0,0,0,0,0,0,1,0,0,0,0,0,0,0,0
"24",24,"1",0,0,0,0,0,0,0,0,0,0,0,0,0,0,0,0,0,0,0,0,0,0,0,0,0,0,0,0,0,0,0,0,0,0,0,0,0,0,0,0,0,0,0,0,0,0,0,0,0,0,0,0,0,0,0
"25",25,"1",0,0,0,0,0,0,0,0,0,0,0,0,0,0,0,0,0,0,0,0,0,0,0,0,0,0,0,0,0,0,0,0,0,0,0,0,0,0,0,0,0,0,0,0,0,0,0,0,0,0,0,0,0,0,0
"26",26,"1",0,0,0,0,0,0,0,0,0,0,0,0,0,0,0,0,0,0,0,0,0,0,0,0,0,0,0,0,0,0,0,0,0,0,0,0,0,0,0,0,0,0,0,0,0,0,0,0,0,0,0,0,0,0,0
"27",27,"1",0,0,0,0,0,0,0,0,0,0,0,0,0,0,0,0,0,0,0,0,0,0,0,0,0,0,0,0,10,0,0,0,0,0,0,0,0,0,0,0,0,0,0,0,0,0,0,0,0,0,0,0,0,0,0
"28",28,"1",0,0,0,0,0,0,0,0,0,0,0,0,0,0,0,0,0,0,0,0,0,0,0,0,0,0,0,0,0,0,0,0,0,0,0,0,0,0,0,0,0,0,0,0,0,0,0,0,0,0,0,0,0,0,0
"29",29,"1",0,0,0,0,0,0,0,0,0,0,0,0,0,0,0,0,0,0,0,0,0,0,0,0,0,0,0,0,0,0,0,0,0,0,0,0,0,0,0,0,0,0,0,0,0,0,0,0,0,0,0,0,0,0,0
"30",30,"1",0,0,0,0,1,0,0,0,0,0,0,0,0,0,0,0,0,0,0,0,0,0,0,0,0,0,0,0,1,0,0,0,0,0,0,0,0,0,0,0,0,0,0,0,0,0,0,0,0,0,0,0,0,0,0
"31",31,"1",0,0,0,0,1,0,0,0,0,0,0,0,0,0,0,0,0,0,0,0,0,0,0,0,0,0,0,0,0,0,0,0,0,0,0,0,0,0,0,0,0,0,0,0,0,0,2,0,0,0,0,0,0,0,0
"32",32,"1",0,0,0,0,0,0,0,0,0,0,0,0,0,0,0,0,0,0,0,0,0,0,0,0,0,0,0,0,0,0,0,0,0,0,0,0,0,0,0,0,0,0,0,0,0,0,0,0,0,0,0,0,0,0,0
"33",33,"1",0,0,0,0,0,0,0,0,0,0,0,0,0,0,0,0,0,0,0,0,0,0,0,0,0,0,0,0,0,0,0,0,0,0,0,0,0,0,0,0,0,0,0,0,0,0,0,0,0,0,0,0,0,0,0
"34",34,"1",0,0,0,0,2,0,0,0,0,0,0,0,0,0,0,0,0,0,0,0,0,0,0,0,0,0,0,0,1,0,0,0,0,0,0,0,0,0,0,0,0,0,0,0,0,0,6,0,0,0,0,4,0,0,0
"35",35,"1",0,0,0,0,0,0,0,0,0,0,0,0,0,0,0,0,0,0,0,0,0,0,0,0,0,0,0,0,1,0,0,0,0,0,0,0,0,0,0,0,0,0,0,0,0,0,0,1,0,0,0,0,0,0,0
"36",36,"1",0,0,0,0,15,0,0,0,0,0,0,0,0,0,0,0,0,0,0,0,0,0,0,0,0,0,0,0,0,0,0,0,0,0,0,0,0,0,0,0,0,0,0,0,0,0,0,0,0,0,0,0,0,0,0
"37",37,"1",0,0,0,0,0,0,0,0,0,0,0,0,0,0,0,0,0,0,0,0,0,0,0,0,0,0,0,0,0,0,0,0,0,0,0,0,0,0,0,0,0,0,0,0,0,0,0,0,0,0,0,0,0,0,0
"38",38,"1",0,0,0,0,1,0,0,0,0,0,0,0,0,0,0,0,0,0,0,0,0,0,0,0,0,0,0,0,0,0,0,0,0,0,0,0,0,0,0,1,0,0,0,0,0,0,1,0,0,0,0,2,0,0,0
"39",39,"1",0,0,0,0,1,0,0,0,0,0,0,0,0,0,1,0,0,0,0,0,0,0,0,0,0,0,0,0,0,0,0,0,0,0,0,0,0,0,0,0,0,0,0,0,0,0,0,0,0,0,0,3,0,0,0
"40",40,"1",0,0,0,0,5,0,0,0,0,2,0,0,0,0,0,0,0,0,0,0,0,0,0,0,0,0,0,0,0,0,0,0,0,1,0,0,0,0,0,1,0,0,2,0,0,0,0,0,0,0,0,7,0,0,0
"41",41,"1",0,0,0,0,5,0,0,0,0,0,2,0,0,0,1,0,0,0,0,0,0,0,1,0,0,0,0,0,0,0,1,0,0,0,0,0,0,0,0,0,0,0,0,0,0,0,0,0,0,0,0,6,0,0,0
"42",42,"1",0,0,1,0,7,0,0,0,0,1,0,0,0,0,0,0,0,0,0,0,0,0,0,0,0,0,0,0,0,0,1,0,0,1,1,0,0,0,0,0,0,0,0,0,0,0,0,0,0,0,0,9,0,0,0
"43",43,"1",0,0,0,0,10,0,0,0,0,0,0,0,0,0,0,0,0,0,0,0,0,0,0,0,0,0,0,0,0,0,0,1,0,9,0,0,0,0,0,0,0,0,0,0,0,0,1,0,0,0,0,15,0,0,0
"44",44,"1",0,0,0,0,12,2,0,0,0,1,0,0,0,0,1,0,0,0,0,0,0,3,1,0,0,0,0,0,0,2,0,1,0,11,0,0,0,0,0,0,0,0,0,0,0,1,4,0,0,0,0,28,0,0,0
"45",45,"1",0,0,1,0,14,6,0,0,0,3,1,0,1,0,1,1,0,0,1,0,0,0,5,0,1,0,0,0,1,0,0,2,0,22,1,0,0,0,1,0,2,0,1,2,0,0,3,2,0,0,0,11,0,0,0
"46",46,"1",0,0,2,0,19,0,0,0,1,5,4,0,0,0,0,0,0,1,0,0,0,0,5,0,0,0,1,0,0,0,2,0,0,45,0,0,0,0,0,4,2,0,0,0,0,0,0,0,1,0,1,24,0,0,0
"47",47,"1",0,0,0,0,12,0,1,0,0,1,4,0,1,0,1,1,3,0,3,0,0,2,15,0,1,0,0,0,2,2,0,2,0,17,0,0,0,0,0,7,2,0,0,4,0,2,4,0,0,0,1,31,0,0,0
"48",48,"1",0,0,1,0,60,4,1,0,3,1,6,0,0,0,4,2,5,0,1,1,0,1,13,0,0,0,0,0,0,0,0,5,0,36,5,0,0,3,0,0,4,0,0,1,0,1,1,0,0,0,3,38,0,1,0
"49",49,"1",0,0,0,0,7,5,0,0,0,9,5,0,0,0,8,2,5,0,2,5,0,3,51,2,1,0,0,0,1,0,1,4,0,31,0,0,0,0,1,1,2,0,2,2,5,3,7,1,0,0,3,100,0,1,0
"50",50,"1",0,0,3,1,23,17,1,1,6,3,9,0,0,0,6,5,1,0,0,7,0,4,3,0,2,1,0,0,6,3,0,8,4,44,1,1,0,1,0,6,4,0,0,1,3,1,2,1,1,0,2,59,0,3,1
"51",51,"1",0,1,0,5,50,15,3,3,0,20,0,0,0,0,7,1,2,4,4,1,1,0,13,10,4,0,1,0,1,4,1,6,2,109,8,0,0,1,0,10,6,0,0,2,0,10,8,2,0,0,7,81,0,2,0
"52",52,"1",6,0,0,1,68,29,5,0,0,24,10,0,0,1,14,0,1,1,0,22,1,5,15,13,5,5,2,4,3,8,1,21,4,95,2,0,0,8,1,0,19,3,15,1,1,8,17,0,0,0,13,92,0,11,1
"53",53,"1",6,0,3,2,61,25,9,0,6,0,24,0,2,4,20,3,1,2,7,41,1,9,15,8,7,0,1,2,2,2,0,25,3,189,7,0,0,13,1,6,6,1,0,6,0,6,11,14,3,1,12,98,0,8,1
"54",54,"1",11,0,1,7,97,33,6,3,1,39,32,3,3,0,28,4,4,1,3,26,9,5,26,20,14,4,0,0,2,5,6,23,4,122,7,0,0,11,4,3,21,1,0,9,0,7,11,8,3,0,3,66,0,6,0
"55",55,"1",6,2,5,6,110,25,15,1,5,32,21,0,3,0,10,5,0,2,1,34,5,7,33,1,19,2,4,2,2,19,4,78,4,218,2,0,0,13,2,7,13,0,1,5,1,13,7,11,4,1,6,119,0,14,7
"56",56,"1",10,3,2,0,144,22,27,8,9,69,24,0,4,4,55,6,7,6,4,59,15,18,21,11,6,9,7,0,3,10,9,92,2,425,8,4,0,17,8,20,20,0,2,14,1,21,19,11,2,0,16,114,1,25,5
"57",57,"1",12,3,8,11,161,33,28,10,5,116,51,5,2,2,127,9,9,5,9,84,11,28,38,15,17,13,5,4,7,27,13,159,5,1012,24,2,0,23,11,8,38,0,10,13,0,25,60,14,5,1,11,118,1,34,2
"58",58,"1",27,3,19,29,174,62,63,4,3,108,89,4,10,12,134,17,6,13,12,112,9,23,72,254,12,16,14,7,4,17,5,308,7,1774,38,12,0,30,15,13,48,1,11,21,3,57,82,15,3,0,16,202,3,49,1
"59",59,"1",28,2,23,38,216,86,35,9,32,130,200,2,11,8,163,25,1,14,16,145,5,42,85,214,26,30,38,0,6,66,11,161,8,2952,40,8,0,49,5,27,82,8,0,45,0,82,138,32,7,3,21,176,3,61,4
"60",60,"1",25,7,34,18,261,111,29,6,6,200,70,1,11,11,168,47,23,8,21,226,13,45,112,239,23,60,20,10,8,0,10,440,14,3258,40,1,0,78,4,23,119,7,22,46,0,75,161,26,20,0,37,251,4,65,2
"61",61,"1",26,1,49,47,307,116,104,11,21,236,68,12,8,5,296,76,22,9,19,74,19,50,121,246,33,67,37,5,1,25,13,578,8,4817,85,2,0,104,14,24,116,2,17,22,7,112,92,44,3,11,67,189,4,101,2
"62",62,"1",39,14,81,36,389,130,88,31,18,222,180,2,21,3,238,60,15,16,21,335,18,45,131,291,64,42,53,11,11,75,23,930,18,5711,33,2,0,93,14,30,140,8,23,105,7,98,89,75,23,0,35,257,0,36,2
"63",63,"1",46,6,92,30,404,191,203,17,21,245,295,3,13,23,250,107,19,20,33,216,11,59,382,467,29,71,72,6,4,50,7,831,17,4805,95,5,0,120,25,18,207,8,18,43,2,156,129,42,20,0,37,368,23,63,9
"64",64,"1",144,17,76,76,539,174,257,15,46,504,290,0,5,50,339,113,23,32,41,407,24,74,679,502,25,56,129,14,7,90,29,727,13,7413,165,8,0,143,58,57,300,12,8,83,11,128,275,47,28,0,99,116,12,142,12
"65",65,"1",152,10,106,43,877,346,137,24,48,507,256,17,11,66,664,177,32,39,50,510,13,158,579,584,57,110,124,25,7,130,21,2474,23,5941,77,13,0,160,84,50,539,13,33,31,5,175,410,56,35,0,213,623,25,131,7
"66",66,"1",101,16,157,35,855,303,279,22,36,720,557,4,14,43,491,331,57,40,54,441,13,209,823,778,52,93,162,31,11,86,29,1949,55,5688,145,10,0,277,74,99,527,15,38,86,12,199,429,78,26,2,2,562,20,176,18
"67",67,"1",81,17,108,24,651,326,233,49,37,840,249,4,31,30,518,247,62,59,92,569,43,276,1017,979,44,90,167,26,20,117,27,2299,19,8771,188,25,2,262,55,65,598,21,36,119,10,183,410,128,27,0,134,541,17,112,11
"68",68,"1",110,12,157,40,755,254,469,18,38,905,236,1,24,48,1068,283,38,61,45,224,42,178,698,852,62,90,65,14,16,182,44,2262,27,6266,194,4,0,259,52,69,626,27,55,114,22,206,341,111,24,4,150,586,11,78,3
"69",69,"1",117,6,239,59,1100,313,578,32,59,752,349,2,29,105,455,275,88,41,41,485,22,171,797,1022,72,89,147,16,47,124,56,3250,45,7721,137,12,0,268,52,58,715,47,114,150,10,152,343,87,21,7,131,283,21,149,8
"70",70,"1",52,13,129,56,1162,362,557,55,94,1047,1084,79,20,111,922,380,74,61,110,1213,28,247,868,1121,53,89,301,21,14,69,53,2060,33,8707,224,17,0,266,85,83,841,65,80,158,7,328,523,81,37,0,229,113,17,82,25
"71",71,"1",109,10,115,60,1274,356,429,49,91,1027,631,8,34,143,986,401,51,54,84,1187,41,323,1118,1663,60,136,230,21,50,166,48,3559,48,8153,64,21,4,349,153,47,808,47,78,210,22,640,814,125,28,0,262,296,29,201,17
"72",72,"1",162,3,187,59,1333,382,267,25,67,1231,697,5,25,222,717,478,65,65,73,2728,32,346,1228,1499,53,104,254,22,24,179,64,3335,40,8996,267,12,2,355,160,90,1216,30,91,261,36,179,550,65,17,7,195,997,26,178,16
"73",73,"1",265,10,169,55,1379,454,1091,57,104,1260,523,2,34,121,1209,399,85,71,15,1147,56,427,1436,1878,47,181,279,21,24,91,61,4305,92,10329,235,14,0,409,110,72,1399,62,54,146,22,164,821,171,51,1,305,381,25,186,13
"74",74,"1",97,13,250,5,1227,392,361,143,145,1277,416,69,32,64,1453,520,87,77,147,2201,24,367,1334,1556,76,97,178,19,42,209,81,4229,49,12274,309,13,0,427,170,101,1690,74,95,217,25,233,793,178,72,4,397,532,40,196,22
"75",75,"1",208,14,250,110,1406,376,399,80,96,805,359,42,20,24,919,462,82,67,139,514,14,484,764,1408,70,183,76,17,38,122,48,3381,80,8122,183,21,0,304,92,68,1480,23,116,132,28,273,551,192,51,0,228,486,43,155,11
"76",76,"1",165,6,197,74,1159,222,1231,110,99,1279,816,1,16,70,986,549,78,85,9,1853,29,436,1337,1496,51,100,355,21,61,91,46,3585,62,9304,285,18,0,407,75,64,1485,38,160,183,48,215,1033,44,31,2,241,400,22,173,13
"77",77,"1",192,22,111,70,1179,257,875,145,114,1118,1598,8,23,40,1287,558,102,51,232,1417,20,326,1365,1722,83,177,315,0,53,130,32,3326,108,8314,350,12,0,333,144,49,1507,60,147,185,32,257,818,75,32,1,455,298,66,138,8
"78",78,"1",301,13,149,80,1503,226,1000,188,229,951,1048,135,25,22,1529,442,97,150,104,746,18,1158,1588,1369,85,88,290,13,47,217,41,3021,71,9568,203,14,3,366,53,58,1832,47,221,135,73,236,929,123,30,1,312,415,70,178,9
"79",79,"1",340,9,292,69,1148,547,1003,93,83,1129,681,133,7,134,1344,414,125,61,132,1253,23,656,2151,1155,88,257,212,22,56,138,31,3590,124,10765,228,18,0,364,160,82,1965,63,277,240,54,210,1475,120,23,4,397,511,41,129,73
"80",80,"1",170,11,94,56,1175,308,754,117,137,1141,974,35,23,59,1465,560,118,64,177,970,26,783,2033,1271,93,209,260,11,84,150,66,3561,101,10794,255,9,0,366,111,50,1749,42,288,273,89,337,919,123,51,1,468,279,13,183,17
"81",81,"1",254,11,281,26,1055,383,972,153,118,1018,402,104,21,13,1293,534,122,102,149,761,30,726,1886,1209,92,173,225,12,40,114,44,3563,84,10160,404,15,0,372,74,76,1646,63,334,142,90,190,917,105,32,0,567,339,56,145,23
"82",82,"1",321,15,146,52,902,410,525,146,97,877,-158,35,13,19,1672,496,77,55,112,581,17,531,2615,641,194,139,136,10,87,140,56,3699,71,8435,210,15,0,354,102,80,1181,109,316,112,103,161,568,97,16,0,197,187,22,128,21
"83",83,"1",222,5,163,195,1011,388,1346,136,80,1156,1022,3,5,42,1173,310,123,47,85,421,65,711,1392,994,29,161,228,7,65,176,35,2734,100,6548,268,23,0,370,99,57,1340,6,311,120,138,339,711,63,21,0,473,133,23,87,9
"84",84,"1",148,8,104,23,1424,250,608,165,103,609,788,2,9,39,1222,298,189,56,162,502,36,536,1296,1355,45,145,298,5,60,101,71,4240,62,7402,204,10,2,305,115,49,1296,20,275,114,120,171,816,52,4,0,427,164,59,127,0
"85",85,"1",288,8,156,101,1349,339,766,88,139,906,670,29,13,49,1346,432,96,63,85,433,36,624,1755,1049,114,273,209,5,64,75,48,2206,77,11755,131,24,0,511,79,30,1213,51,278,103,181,210,803,129,7,0,329,95,28,166,19
"86",86,"1",163,7,272,21,1035,395,1129,61,153,806,1061,40,11,22,1141,589,146,92,134,581,26,755,2263,1226,103,264,216,11,100,109,72,4287,113,8631,340,28,0,623,94,73,1510,69,309,275,143,213,822,138,9,0,389,374,14,154,1
"87",87,"1",168,9,273,75,1256,372,925,248,126,1413,1014,6,12,46,1841,616,191,137,93,586,31,790,2221,834,159,169,172,7,122,203,76,3150,114,7532,396,46,1,693,108,49,1807,25,339,155,100,346,1203,126,11,2,601,299,37,170,8
"88",88,"1",151,5,212,82,1431,386,741,215,190,739,356,9,21,13,1585,495,181,88,185,462,20,738,1970,764,142,181,234,4,132,102,55,2953,87,7249,281,89,0,1115,105,59,1621,50,314,160,130,201,796,129,24,0,561,371,49,154,11
"89",89,"1",180,5,210,4,715,297,412,0,127,822,605,3,6,4,1197,571,402,77,253,348,20,513,1705,631,143,300,150,7,125,84,50,3881,47,6199,353,57,0,1380,29,66,1250,95,215,131,94,200,514,129,9,0,483,14,65,147,10
"90",90,"1",175,2,135,190,2318,376,1853,207,134,744,828,3,4,64,1151,483,260,133,90,595,8,858,1566,580,114,238,140,0,173,120,55,3505,126,4867,271,42,0,1317,81,46,1013,39,384,62,50,170,594,142,4,1,453,391,18,218,4
"91",91,"1",249,8,187,291,1982,341,545,186,171,811,742,41,2,30,1551,430,466,84,143,331,13,511,1556,1007,97,204,134,4,80,107,44,3581,101,4324,187,17,0,806,127,46,1379,-337,410,169,70,323,914,88,2,0,640,155,21,127,16
"92",92,"1",283,6,208,130,1729,431,2109,269,108,440,910,59,6,36,2049,361,123,177,180,463,19,581,1745,1037,154,178,196,2,100,144,97,3478,138,5659,269,35,0,392,87,57,1379,0,341,153,103,364,820,150,5,0,636,196,10,224,5
"93",93,"1",222,2,310,207,1961,384,631,108,155,1339,806,68,4,34,1827,621,175,335,175,481,30,963,3079,1280,221,259,184,3,364,127,82,4124,169,6341,388,30,0,577,123,68,1571,315,415,156,98,488,937,170,2,0,734,375,42,210,6
"94",94,"1",194,2,276,211,1834,993,821,134,167,885,670,18,5,34,2723,652,520,216,231,401,28,888,4946,1375,243,281,304,2,284,190,50,2207,145,8286,444,39,0,475,103,50,1964,46,443,153,84,449,944,161,2,1,596,216,29,306,20
"95",95,"1",187,0,235,99,1222,712,661,134,171,306,650,0,2,17,2119,719,650,249,126,372,25,1151,2379,674,261,284,201,1,424,141,73,3327,138,10683,496,55,0,418,73,76,1328,31,430,183,107,300,844,168,16,2,770,368,15,331,4
"96",96,"1",208,2,246,92,1101,473,687,458,142,689,234,0,2,10,2126,620,381,107,169,261,25,820,1590,701,156,193,171,3,228,99,71,3515,66,6013,282,64,0,376,60,58,1083,64,310,237,66,517,715,173,8,2,604,179,29,224,25
"97",97,"1",118,4,190,68,1517,364,728,128,51,610,770,116,1,20,1980,950,378,209,72,279,8,910,1524,454,214,183,174,1,361,70,74,2150,97,4077,205,75,0,362,27,43,1019,17,269,123,33,304,754,113,4,0,565,214,24,178,18
"98",98,"1",211,6,232,58,1362,435,315,413,102,708,378,1,2,35,2219,646,508,194,229,218,17,626,1840,1012,365,248,135,2,126,104,72,2668,150,3285,533,49,0,444,130,31,1595,12,218,122,68,235,905,107,7,3,804,207,18,225,16
"99",99,"1",175,4,254,80,2334,441,455,80,112,347,693,0,3,32,2253,626,467,210,163,374,16,742,1963,974,463,227,120,0,263,122,44,2408,238,4718,379,42,0,534,63,61,868,65,321,146,61,281,971,156,0,4,623,325,14,232,8
"100",100,"1",143,0,446,74,1566,527,933,79,217,498,1131,1,4,32,2563,690,302,494,170,341,39,883,1940,905,492,246,137,1,456,119,92,2388,198,4702,560,34,0,724,145,64,2033,72,374,214,75,251,1233,173,4,0,885,324,16,352,15
"101",101,"1",226,9,314,29,1848,454,1064,184,335,1037,1005,0,1,19,3137,842,738,205,171,710,28,1741,2106,1000,594,397,277,0,506,196,164,2538,102,3879,415,40,0,716,130,69,1540,36,341,163,75,1275,1270,157,13,0,1055,320,26,466,7
"102",102,"1",317,1,402,62,1435,457,523,120,139,735,832,2,1,26,2450,688,758,353,2,429,29,1002,1952,843,498,229,314,2,494,141,119,2527,219,4559,592,46,0,592,103,56,1307,182,327,231,62,595,1091,152,7,0,830,249,33,346,13
"103",103,"1",277,3,276,59,1319,409,0,170,219,615,350,1,0,-2,2994,638,528,314,342,200,33,993,1824,612,435,109,300,0,354,83,89,3027,118,3699,154,38,0,579,121,45,1008,51,188,137,43,495,866,194,11,0,940,560,11,304,7
"104",104,"1",224,2,279,38,1261,272,686,80,154,819,732,0,1,47,2341,588,534,208,147,363,20,948,1000,193,571,327,322,2,437,154,70,1525,180,2524,203,34,0,560,72,79,913,69,175,131,37,412,835,151,5,0,821,104,29,273,10
"105",105,"1",325,1,386,56,2515,457,648,83,152,542,526,0,3,21,2049,568,408,242,452,323,21,708,1184,395,617,330,143,0,319,38,48,2324,107,2302,412,41,0,495,83,80,975,49,281,84,53,272,1152,123,5,0,764,187,18,334,8
"106",106,"1",254,1,402,86,1939,464,374,407,139,563,848,0,1,31,2275,863,293,266,124,403,28,1046,1754,688,728,217,245,0,329,79,105,1297,153,2746,500,57,1,607,74,77,1022,44,272,95,59,182,1155,156,1,0,-2,639,34,356,27
"107",107,"1",355,3,238,83,1694,544,789,161,193,826,800,0,3,20,2638,656,655,347,227,253,76,1213,1696,564,785,262,245,0,419,114,102,1745,202,3526,648,48,0,555,129,73,1160,63,325,206,126,371,1241,119,8,2,1314,314,21,317,4
"108",108,"1",339,3,581,53,2135,455,627,144,245,371,565,2,0,27,2886,678,398,511,125,203,44,1116,1612,676,723,404,164,2,640,84,104,1819,181,2873,448,54,0,887,94,79,1352,125,249,225,239,168,1261,195,3,1,772,290,26,381,9
"109",109,"1",283,1,434,0,2208,548,573,194,203,802,392,0,1,25,2320,619,214,172,171,562,34,1046,1410,416,702,288,164,0,403,104,64,1631,105,2715,508,39,1,679,66,92,1160,17,210,164,249,399,906,184,2,0,854,152,24,349,9
"110",110,"1",221,1,159,265,1227,328,570,170,170,595,786,0,1,2,1654,394,288,122,17,183,28,1055,1050,381,481,123,169,0,95,74,60,1447,85,2138,396,27,0,389,99,68,1376,25,285,122,124,385,1188,148,5,0,885,152,15,280,9
"111",111,"1",275,2,261,31,1463,198,211,118,117,386,181,0,2,29,1461,501,414,116,224,208,26,790,669,410,528,173,119,1,247,32,89,1413,206,1610,286,27,3,699,24,58,520,58,176,139,97,363,951,113,0,0,989,391,7,202,7
"112",112,"1",300,3,356,121,1636,310,568,176,96,941,863,1,1,33,4045,542,539,191,293,235,15,691,870,420,695,234,99,2,157,159,79,798,143,1438,333,53,0,472,118,73,850,43,164,135,49,354,1360,90,1,0,730,210,9,200,6
"113",113,"1",236,0,440,72,2068,339,522,211,99,479,555,0,3,31,1706,368,377,200,99,612,38,753,1165,361,423,182,245,1,340,171,60,817,152,2123,448,76,0,470,121,57,787,30,221,103,69,484,1474,170,2,0,946,110,26,290,13
"114",114,"1",401,4,498,130,1729,371,609,271,152,808,556,0,0,27,3207,583,386,116,295,827,50,1094,1685,1182,527,393,121,0,339,122,83,1144,139,2364,743,65,0,636,110,63,964,98,181,159,60,327,1347,136,3,0,1066,369,30,378,13
"115",115,"1",272,1,495,97,2068,394,621,150,135,928,820,2,1,37,2447,654,374,338,181,348,38,1084,1239,493,797,318,77,4,355,129,82,1201,159,2759,597,49,0,593,124,62,1020,115,203,218,95,329,1818,170,1,0,859,270,13,588,15
"116",116,"1",301,4,462,115,1918,397,618,174,171,673,413,0,1,30,2141,638,279,53,195,280,45,978,1512,434,729,322,227,2,454,77,92,1184,185,2185,819,87,2,520,151,71,1050,47,215,254,72,287,879,138,1,0,1010,205,22,514,25
"117",117,"1",97,4,306,181,1433,305,716,123,81,777,299,0,1,2,1691,500,323,7,20,315,39,837,1077,638,708,173,275,0,128,125,40,1245,91,1901,528,52,0,449,73,11,517,57,240,155,28,187,962,170,6,0,704,178,22,203,13
"118",118,"1",315,3,233,54,1577,265,697,199,147,854,680,0,0,34,2418,478,304,373,248,334,26,962,1042,799,695,136,156,2,277,124,56,1705,158,1241,584,31,0,530,88,64,931,64,121,126,40,376,960,146,0,0,749,242,10,158,12
"119",119,"1",290,0,396,110,2038,280,314,168,164,502,580,0,1,21,1520,505,341,49,164,329,28,1782,873,484,666,272,144,1,221,110,69,974,96,1479,641,63,0,498,91,39,728,95,156,114,58,534,1292,146,4,0,997,232,12,288,10
"120",120,"1",676,3,331,80,2144,315,587,157,117,527,948,11,2,30,2415,584,572,173,131,278,78,778,1045,651,641,263,141,7,273,132,147,1386,146,1478,459,101,0,484,43,75,747,61,405,119,92,233,1289,187,0,0,759,122,53,579,11
"121",121,"1",362,0,418,455,2363,392,191,192,237,1204,807,0,4,28,2282,687,302,110,139,1188,58,1203,1114,480,530,255,147,1,304,103,67,1073,134,2078,713,134,1,731,148,16,1101,47,215,204,0,436,1072,159,6,0,1228,170,36,393,14
"122",122,"1",256,2,293,154,2313,295,432,143,105,776,765,0,-5,61,2715,492,340,297,213,421,71,894,805,397,805,402,140,0,238,127,79,1247,153,1678,727,88,0,627,169,47,1053,117,165,259,179,394,928,181,2,0,809,246,102,596,2
"123",123,"1",479,5,432,163,2014,476,382,161,73,676,674,0,1,31,2390,509,388,51,124,117,65,1069,773,439,840,381,125,0,327,238,75,385,170,1754,1070,48,0,613,111,24,797,70,216,257,112,401,1082,203,2,0,800,214,24,428,10
"124",124,"1",329,0,299,147,1928,208,446,119,144,740,581,1,0,24,2441,477,536,16,30,128,42,1311,1013,312,728,247,192,0,145,117,60,1050,148,1601,500,53,0,503,77,39,554,89,113,201,95,351,599,132,2,0,495,249,42,377,0
"125",125,"1",508,3,222,107,2274,116,405,156,115,879,425,0,0,14,1707,338,194,137,57,623,19,835,596,200,742,206,182,0,221,73,48,938,83,1279,766,39,0,566,53,22,700,71,0,82,23,417,440,129,6,0,1483,276,11,284,30
"126",126,"1",664,4,222,151,2907,297,430,101,109,509,652,4,0,35,1238,367,371,80,276,336,35,536,422,224,645,273,141,0,264,100,34,672,104,1044,191,-35,0,529,47,19,517,64,145,238,67,427,1083,101,5,0,1612,273,72,284,7
"127",127,"1",382,1,479,97,1949,222,-15,30,72,379,647,1,1,32,1126,386,447,101,138,442,28,752,527,504,505,313,187,2,357,91,55,864,122,1132,599,20,0,433,92,73,773,73,143,207,57,400,1532,88,4,0,905,287,45,645,10
"128",128,"1",498,13,501,261,2198,341,271,75,86,651,650,1,3,39,1516,643,226,60,197,213,52,1292,675,400,483,328,191,4,285,97,103,1187,112,1758,829,42,0,476,41,46,666,89,141,165,83,403,1715,243,3,0,1150,266,36,690,16
"129",129,"1",501,6,702,239,2972,486,203,65,46,1212,525,0,2,34,1666,514,347,313,178,0,37,1297,617,645,584,418,134,8,394,128,103,1029,129,1549,1119,39,0,651,68,46,761,161,141,343,73,436,1253,329,1,0,1132,286,37,574,15
"130",130,"1",328,5,790,236,3057,482,260,186,179,927,448,0,2,36,1496,665,317,21,199,775,56,1031,789,259,659,439,169,12,251,144,53,764,131,1363,1026,34,0,468,80,52,716,71,184,263,94,477,1323,269,2,1,1078,241,17,465,7
"131",131,"1",593,28,681,240,3014,280,179,76,84,739,715,3,1,15,1298,365,285,31,50,339,43,794,664,507,660,272,179,10,196,109,106,837,65,1104,925,23,0,479,88,58,429,58,109,467,33,156,1578,278,4,0,996,196,21,169,5
"132",132,"1",582,7,187,190,2529,199,539,107,56,667,706,0,0,53,1078,255,168,225,213,431,24,579,3840,1080,358,251,226,4,244,73,34,473,111,945,682,48,0,471,67,60,516,97,63,287,41,410,1107,197,2,0,790,458,18,141,7
"133",133,"1",237,21,1127,375,2438,211,239,80,29,617,306,2,1,27,1578,445,228,40,137,405,28,796,358,245,300,268,299,4,266,157,64,627,224,1361,684,21,1,366,119,35,581,62,121,267,32,1256,1885,211,5,0,836,336,28,398,2
"134",134,"1",80,19,995,249,2326,272,112,27,130,1317,648,0,0,55,1035,480,359,138,198,387,41,786,429,310,363,302,198,2,255,92,46,523,116,1043,961,33,1,442,113,61,556,88,107,236,95,526,1580,321,2,1,665,168,21,673,3
"135",135,"1",221,26,573,358,2510,300,148,34,104,1419,817,2,1,64,870,396,567,51,296,429,28,873,471,225,403,238,266,12,251,168,81,462,213,1053,1263,27,2,490,102,76,557,485,106,354,86,350,1784,300,36,0,950,223,25,463,6
"136",136,"1",315,23,1551,226,3593,255,221,27,79,1305,752,0,9,57,1168,494,389,161,270,427,36,917,494,4529,707,209,229,2,262,188,77,806,319,1042,1141,39,0,476,97,110,480,112,116,448,30,425,1993,486,1,0,674,547,17,364,12
"137",137,"1",656,14,1148,450,2637,233,358,72,70,1270,663,0,8,28,934,429,195,24,308,497,42,692,575,452,521,265,144,1,164,188,66,557,128,1083,1392,71,0,353,56,87,599,295,0,463,90,560,1754,522,19,0,859,221,17,274,6
"138",138,"1",457,9,1407,325,2850,153,150,97,63,1180,428,0,2,14,819,400,267,32,34,330,46,494,304,419,385,236,326,5,91,179,24,271,140,777,854,45,1,365,91,137,494,70,0,370,71,452,871,218,17,0,1283,297,8,249,8
"139",139,"1",425,19,837,314,2290,182,124,30,57,966,624,1,1,44,1473,225,317,175,308,236,18,431,190,296,338,498,174,3,118,142,36,333,122,712,918,19,1,361,55,118,431,61,201,514,33,406,1378,294,12,0,568,529,17,217,13
"140",140,"1",497,13,635,340,2958,164,87,48,85,1096,774,0,6,29,778,432,160,62,190,562,18,519,263,279,299,341,237,6,136,231,53,299,43,690,812,21,2,325,158,100,532,139,49,428,52,648,1945,261,9,1,487,203,18,275,10
"141",141,"1",567,22,1585,288,2894,151,168,36,63,1371,696,0,3,36,568,312,462,145,138,418,31,571,267,187,366,374,266,7,137,170,46,550,145,664,912,40,0,413,116,72,446,144,65,531,81,514,2500,343,11,0,437,144,14,2353,10
"142",142,"1",856,24,1544,448,3570,148,114,50,52,1698,867,3,7,41,842,417,370,53,99,442,30,709,511,250,447,0,262,2,290,248,31,470,118,724,1430,39,0,429,146,153,534,23,106,682,61,387,2001,384,15,0,469,232,24,320,29
"143",143,"1",865,22,1642,731,3576,175,228,67,65,1902,869,1,14,51,758,400,352,168,224,523,54,439,392,254,479,608,187,10,198,240,42,348,158,821,1732,36,0,420,222,136,634,184,85,729,77,452,2259,315,9,0,563,404,32,322,18
"144",144,"1",891,34,1606,548,3149,195,305,56,55,2581,977,1,17,45,628,421,337,43,253,1288,36,673,336,143,377,257,216,15,121,288,48,441,95,912,1444,42,0,424,225,155,410,154,0,785,91,398,2089,380,6,0,658,344,25,293,23
"145",145,"1",1014,12,1180,406,2519,113,94,35,58,2016,696,0,5,14,602,366,167,52,47,336,36,393,208,222,299,168,57,13,101,207,19,276,102,694,1288,22,0,300,158,101,313,121,0,841,65,558,1422,252,2,1,637,215,16,281,10
"146",146,"1",657,4,1052,416,2709,169,147,76,32,1758,631,1,8,59,528,521,151,269,211,552,17,325,87,56,222,283,328,8,125,117,27,222,122,623,1058,21,0,428,186,187,386,79,146,585,30,771,2184,444,3,0,380,442,32,223,19
"147",147,"1",640,13,2293,274,3469,143,114,63,19,2783,797,0,4,71,619,358,153,53,36,534,9,351,195,164,189,353,218,5,171,357,19,323,88,630,848,23,0,434,228,280,390,61,71,614,38,678,4247,320,0,0,443,372,19,299,10
"148",148,"1",400,25,1861,415,4250,231,80,41,29,2610,915,2,4,91,550,256,353,232,291,928,17,561,266,228,415,489,221,16,195,179,72,277,132,561,1037,43,0,412,258,124,310,52,49,561,84,489,3493,387,0,0,442,321,35,338,25
"149",149,"1",894,19,2572,322,3754,228,11,55,56,3207,823,5,18,110,665,444,343,85,201,760,42,274,271,286,379,381,337,25,189,312,14,404,88,626,1284,29,0,700,451,155,393,108,56,992,59,492,3211,551,5,1,463,393,42,444,30
"150",150,"1",796,26,3183,703,3708,286,117,112,49,3822,1077,7,27,127,836,321,465,282,238,-879,35,311,228,320,356,0,292,11,176,361,36,389,107,794,1588,33,0,609,352,202,508,84,68,1083,49,999,4645,570,9,0,554,382,50,302,29
"151",151,"1",547,24,3284,511,4011,162,158,70,32,4049,1552,22,14,135,618,334,128,50,171,870,25,415,286,421,436,0,375,32,116,452,32,338,170,707,1626,25,0,531,331,90,390,268,0,1155,67,620,4272,588,3,2,650,421,32,401,6
"152",152,"1",472,14,2468,419,3953,190,40,94,36,3494,824,0,11,19,619,361,468,40,119,393,19,338,125,152,453,0,397,19,103,259,26,308,135,665,1214,37,0,546,478,263,346,62,0,907,72,496,3292,394,12,0,551,331,43,284,18
"153",153,"1",433,10,2101,522,5813,165,27,45,38,2926,1212,0,2,242,461,213,197,318,154,462,14,299,149,271,307,1265,181,17,147,339,14,273,129,555,986,25,0,729,218,170,642,39,122,1008,29,536,4760,468,4,0,470,646,28,251,33
"154",154,"1",643,36,3630,595,6419,188,117,27,36,3286,1872,3,3,145,667,258,253,83,250,1356,23,400,229,229,242,611,415,9,134,483,13,319,144,598,986,7,0,590,295,202,617,121,74,912,27,763,5080,419,1,2,528,335,22,338,24
"155",155,"1",967,21,1810,697,4850,262,14,42,34,5511,1713,6,14,238,743,293,427,451,199,882,23,332,172,338,297,526,330,23,129,402,27,158,152,575,1437,44,0,632,481,145,492,135,73,1284,66,804,6584,461,20,2,511,622,36,465,28
"156",156,"1",1142,45,3090,687,5524,324,81,91,31,5004,1506,14,15,219,910,519,487,97,271,938,53,463,226,448,360,1092,598,37,126,451,40,2158,202,738,1277,32,0,892,438,143,455,57,34,1125,60,873,5473,629,7,1,432,598,64,552,44
"157",157,"1",977,30,3379,678,5614,317,65,37,26,8942,1746,3,14,280,877,490,444,522,240,1354,32,307,233,314,493,550,491,26,178,448,33,388,216,804,1717,28,0,987,396,403,720,45,21,1313,56,1107,5799,674,7,0,624,491,36,514,42
"158",158,"1",900,26,3476,570,4426,226,147,74,31,9585,1524,0,6,170,724,438,375,38,304,0,52,328,373,329,417,465,342,23,251,1041,46,289,211,697,1452,37,0,817,299,102,450,144,0,1604,91,1011,6057,517,2,0,677,542,52,517,24
"159",159,"1",358,33,3809,508,5502,284,97,135,32,8530,1734,0,27,224,581,364,317,249,143,1467,37,328,224,240,516,368,345,11,125,787,30,309,190,624,1469,37,0,854,302,238,385,123,0,1381,55,132,4227,420,2,0,487,310,50,481,25
"160",160,"1",1734,25,641,439,7040,205,59,150,44,5266,2016,7,1,227,768,299,354,552,177,840,28,477,101,314,312,669,494,56,164,784,13,90,173,391,1514,44,0,737,228,161,768,61,103,1324,35,1443,5890,663,6,3,451,695,38,387,33
"161",161,"1",870,47,4797,520,8158,203,152,98,35,6093,2464,4,17,354,776,370,278,61,259,1014,34,315,114,494,442,680,527,48,130,611,22,395,165,458,1372,37,0,743,585,186,673,215,49,1755,48,1427,7947,546,0,6,594,505,35,620,37
"162",162,"1",917,42,4753,420,7611,314,58,36,38,6563,2309,12,8,255,880,376,466,513,198,2083,41,350,261,429,415,652,320,49,131,569,20,261,129,628,1751,39,0,1076,355,324,638,72,40,1520,62,1545,8123,500,2,2,416,717,75,584,27
"163",163,"1",1149,50,3343,878,8434,323,74,221,25,10109,2886,9,20,309,866,437,641,84,256,1383,34,513,195,574,494,870,490,67,151,720,20,430,244,872,1697,42,0,1301,427,325,839,71,88,1782,67,1816,7434,602,17,6,530,663,74,569,36
"164",164,"1",1754,60,4399,547,8100,272,71,192,45,9488,2604,6,28,346,886,546,372,789,285,1728,45,407,290,453,414,914,535,45,184,1007,35,386,256,919,1939,65,1,1091,526,299,715,75,50,1831,85,1706,7789,604,9,13,657,496,73,689,32
"165",165,"1",997,55,2722,587,8878,293,0,73,12,11458,2513,2,24,397,858,529,536,150,54,0,24,302,210,396,0,990,441,39,166,793,14,291,287,725,1284,57,0,926,580,294,504,104,0,1854,50,1350,5658,647,2,1,715,382,79,678,24
"166",166,"1",1091,32,3510,605,6411,200,0,132,35,10059,1897,0,24,368,579,575,445,124,3,1937,18,233,136,325,512,226,273,45,111,847,26,369,193,536,1361,37,0,968,283,300,481,129,0,1461,35,1133,4430,288,11,0,635,669,130,507,28
"167",167,"1",925,30,3416,439,6282,216,259,165,33,6336,1526,13,7,423,698,357,152,793,752,1101,8,540,163,376,433,357,516,37,115,412,17,209,251,516,1837,33,0,805,434,176,784,669,0,1533,42,1144,9213,648,2,4,353,1049,107,568,41
"168",168,"1",907,22,3617,259,9897,401,57,121,54,7347,2692,2,41,360,682,299,389,75,356,1936,17,489,201,608,564,957,716,78,153,918,18,267,220,590,1255,45,0,948,858,241,799,129,163,972,58,1134,9814,550,3,6,627,546,63,516,36
"169",169,"1",1177,49,3551,734,8538,468,75,48,73,9989,2831,4,23,422,945,450,563,650,384,1888,20,469,264,649,457,674,777,44,232,530,20,252,290,691,1473,72,0,1277,673,218,831,31,50,1557,79,2113,9952,718,2,22,632,598,202,692,29
"170",170,"1",2212,49,4073,806,7212,419,101,69,37,8935,2155,2,36,594,1133,520,600,224,372,1843,26,582,295,587,574,703,958,95,221,677,21,231,234,588,1903,99,0,1150,603,375,817,117,39,1782,94,1775,10909,711,16,9,610,708,119,832,34
"171",171,"1",1334,58,4164,751,7989,606,78,121,64,11433,4904,1,27,475,1218,738,916,768,500,2642,13,466,213,624,604,1031,759,127,176,906,18,358,298,790,2173,84,0,1525,596,254,940,275,69,1728,65,1693,9923,820,5,14,940,721,157,1056,16
"172",172,"1",1439,77,3044,1061,8525,423,0,91,58,10360,2977,2,42,511,1124,791,463,184,454,2167,21,557,288,628,804,797,589,84,201,951,33,331,224,727,2259,89,2,1358,687,350,678,229,0,2280,53,1757,8332,619,6,14,846,236,163,681,49
"173",173,"1",1640,116,2488,503,7646,300,0,61,46,15300,1815,0,20,387,825,534,715,312,232,1319,19,645,199,437,710,868,524,81,179,833,30,339,255,679,1835,91,0,1378,456,319,542,288,0,1949,45,1125,6531,481,13,25,888,855,98,806,23
"174",174,"1",1958,71,1438,572,8530,370,223,75,59,12624,3548,0,21,560,933,435,221,970,365,1705,19,419,230,418,491,393,608,150,230,852,14,224,263,559,1822,108,0,1261,510,341,584,356,175,1520,25,2509,8921,730,5,11,972,1357,69,702,41
"175",175,"1",1710,54,4209,794,10387,458,20,90,40,9194,2642,0,21,431,767,674,311,82,575,2215,8,712,303,691,398,862,1036,130,273,1072,23,393,223,913,2114,51,3,1142,993,323,982,113,101,2221,48,1797,10906,492,4,26,796,719,94,913,48
"176",176,"1",1812,61,3285,564,8904,479,106,81,80,10181,3568,1,28,637,1396,697,594,810,446,2091,12,740,217,1036,574,1025,920,111,262,918,22,390,327,834,1806,72,0,1316,1075,295,1001,256,52,1856,80,2103,11840,454,13,6,1078,747,150,893,34
"177",177,"1",2021,76,3319,817,9264,577,114,64,50,13965,2701,1,19,662,1225,715,878,116,469,2280,20,661,234,896,605,1230,859,116,199,1437,26,223,297,767,2084,103,1,1290,628,412,808,195,71,1838,42,2312,15038,680,7,14,899,1264,100,952,41
"178",178,"1",2003,49,3845,648,10161,592,143,223,39,11466,3419,0,22,618,1366,747,489,926,545,2179,38,704,298,775,666,1032,940,118,183,1348,26,50,318,778,1976,124,0,1679,699,301,1003,546,82,1977,95,2245,9738,664,9,20,1001,958,126,882,43
"179",179,"1",2143,74,2758,771,8272,402,0,92,79,10328,4074,1,20,554,1257,885,411,39,588,0,10,832,359,632,457,1017,827,88,184,1234,23,263,280,752,2434,115,0,1542,916,389,608,333,0,1552,73,2446,8805,858,4,14,937,663,139,875,39
"180",180,"1",1777,118,2311,695,8266,371,0,90,67,12478,2453,0,27,527,985,920,499,221,850,3116,41,925,296,551,734,792,791,62,92,1220,15,-31,235,509,1774,112,0,1110,209,355,604,610,0,2374,44,1662,7977,687,12,0,1057,712,120,835,18
"181",181,"1",1880,137,1676,699,8735,467,162,105,78,10347,1994,4,12,420,1268,642,530,1085,378,3186,24,553,255,551,903,1251,890,107,210,979,46,180,244,519,1335,107,0,1236,168,321,1114,398,111,1459,37,1764,7636,409,10,11,945,1348,100,801,61
"182",182,"1",1467,111,3410,728,10171,503,41,122,88,9440,3077,8,25,519,982,737,378,62,660,1691,12,860,244,698,350,1635,1204,101,343,800,13,293,302,855,1871,81,1,1047,893,350,962,479,82,1892,76,2082,9922,563,6,0,985,797,57,1139,51
"183",183,"1",1455,94,1929,591,12162,595,127,46,102,9785,3255,3,17,496,1608,782,487,770,531,2773,0,627,287,707,504,1547,1206,99,296,1154,33,335,311,706,2091,160,0,1527,975,179,807,98,76,1705,58,2146,10967,588,0,28,1020,696,262,884,50
"184",184,"1",2399,65,2370,1013,10647,662,9,132,42,10249,4737,2,55,467,1624,953,588,142,659,2296,14,658,327,694,760,982,1469,84,332,1329,23,242,335,810,1912,126,0,1444,668,329,886,435,86,1564,66,2480,9543,501,11,6,842,813,89,974,59
"185",185,"1",1793,64,3363,990,9921,689,544,278,78,12444,3875,5,58,549,1610,1002,638,885,800,2084,20,930,338,653,767,1610,1301,189,356,925,57,458,312,758,2156,121,0,1560,1147,407,1189,494,76,2001,57,2015,7558,885,8,10,1125,1023,145,1144,58
"186",186,"1",2125,120,3663,732,10231,749,0,-27,68,12199,3530,0,71,509,1293,949,452,61,767,0,33,1291,283,427,803,1434,1086,147,238,980,40,513,313,748,2076,122,2,1438,965,320,779,573,0,1401,105,1792,7947,560,11,0,1245,605,126,840,41
"187",187,"1",1164,234,1986,642,6011,517,0,115,63,9344,2214,0,63,342,1410,851,471,185,287,3840,24,689,369,1085,862,1207,1167,82,206,926,21,505,265,532,1520,140,0,889,1204,272,652,603,0,1191,90,2871,4129,350,4,9,958,538,139,950,29
"188",188,"1",1821,104,1877,824,7765,359,207,116,78,8892,2431,9,28,574,1363,536,339,790,568,2343,18,1130,289,579,650,653,1336,64,281,961,5,449,449,613,1810,110,0,1104,1244,358,1222,288,291,1218,49,2539,6557,466,2,14,1505,1126,94,638,45
"189",189,"1",1251,144,2076,734,7848,697,94,70,87,9230,4131,3,46,482,1146,841,232,55,626,1121,6,655,256,696,478,1342,1412,85,241,1111,59,483,289,535,1688,155,0,1320,1228,297,1134,409,210,1692,48,2449,10554,438,3,0,916,1028,119,791,69
"190",190,"1",1416,92,2367,787,11088,465,463,126,54,9446,3509,2,108,492,1379,660,695,683,603,1737,28,755,502,1001,666,1505,1458,204,308,946,13,260,345,711,1727,86,0,1396,848,386,855,221,75,1737,149,1827,9042,462,1,10,998,724,153,1005,39
"191",191,"1",1980,117,2544,791,8230,453,130,87,58,9956,3998,3,124,568,1865,965,662,67,653,1708,22,894,414,900,745,1775,1988,134,318,1097,31,370,252,779,2364,74,2,1733,1105,361,869,511,150,1726,44,2021,10243,375,1,0,908,800,96,992,58
"192",192,"1",1961,118,3203,752,8004,610,140,99,69,9007,3797,2,122,475,1869,917,468,877,849,1799,24,1167,514,826,771,1168,1403,148,445,1108,39,690,212,642,1979,168,0,1533,746,344,934,209,72,1444,79,2978,10956,544,7,21,984,626,220,909,40
"193",193,"1",1626,150,2911,662,7234,409,0,89,79,9642,3492,3,86,378,1531,973,540,26,631,0,25,1018,428,698,725,1134,938,104,180,1065,30,369,196,754,1645,133,2,928,1250,307,681,1091,0,1583,103,2311,5134,496,7,15,904,923,93,1044,43
"194",194,"1",2095,157,1454,637,6430,442,0,72,69,7104,2722,0,45,234,1482,758,430,194,354,3467,21,910,418,407,759,672,565,112,311,1063,21,321,220,531,1266,58,1,944,495,280,570,539,0,1189,88,1349,6535,421,5,0,980,512,119,926,39
"195",195,"1",1217,80,1033,787,6298,320,252,106,39,4752,1954,9,206,373,1524,580,182,859,534,1099,12,870,199,646,613,572,1099,56,254,966,26,264,114,542,1467,125,1,932,385,298,899,380,224,1163,65,1096,8782,396,1,18,1322,851,119,481,40
"196",196,"1",1041,61,1031,784,5023,373,48,82,85,5446,2952,7,143,519,1360,833,326,59,709,3615,5,711,546,790,602,1074,1214,111,222,1020,33,356,210,746,1488,148,0,1143,866,305,828,533,144,1239,59,1752,9564,447,4,24,1143,817,78,792,36
"197",197,"1",952,58,1693,912,5518,651,115,159,45,5409,3933,14,172,497,1876,741,605,788,614,1486,17,584,440,752,618,1245,1061,121,311,663,26,335,226,639,1218,124,0,1199,1103,279,727,327,91,1282,89,1653,9362,460,5,38,792,561,108,984,39
"198",198,"1",1938,40,1514,735,8237,490,20,69,75,7650,2905,8,151,656,1991,1056,723,106,612,1303,5,598,231,774,861,956,1224,140,332,786,23,374,207,694,2024,120,1,1166,840,271,802,283,130,1325,105,2214,7635,554,9,21,997,667,118,892,35
"199",199,"1",1709,65,1360,1011,7129,448,75,80,71,7686,3976,14,201,563,2017,1245,361,813,712,1500,17,797,417,813,545,1036,1146,150,283,928,37,360,192,720,1555,150,0,1204,839,408,784,752,127,1422,98,2421,8164,498,3,6,2015,919,156,1117,42
"200",200,"1",1872,85,1122,772,8016,410,0,57,64,8502,4032,1,231,520,2049,1039,391,26,839,0,12,762,420,696,916,1210,389,118,141,848,39,368,150,706,1882,181,1,1294,836,353,588,738,0,1241,106,1785,6339,291,6,0,1307,371,130,975,13
"201",201,"1",1161,100,860,572,7086,308,0,73,100,6229,2839,0,152,204,1366,1046,608,153,330,2653,16,908,329,507,797,527,1185,63,187,797,13,344,200,513,1335,88,0,879,491,261,646,697,0,975,128,2063,5787,309,5,19,897,902,131,604,37
"202",202,"1",1686,66,548,645,11023,305,247,59,54,4155,2129,6,140,470,1429,663,245,949,423,562,7,756,275,637,618,476,987,80,264,744,9,258,129,478,756,117,1,883,401,216,957,700,196,724,58,1179,6790,357,3,29,663,977,60,592,-8
"203",203,"1",831,50,1146,383,11811,383,117,65,89,5831,3644,16,118,500,1593,891,357,87,698,1164,1,582,392,889,323,644,1067,93,334,586,21,444,199,667,1068,172,0,1095,763,294,792,582,119,971,50,1036,7716,349,10,63,996,394,121,719,31
"204",204,"1",935,66,742,703,9019,360,22,66,63,8109,3763,15,202,513,1729,712,452,796,1109,1184,20,556,293,464,469,1081,1423,167,214,524,26,449,173,706,1339,85,0,1422,667,247,904,671,76,844,102,1486,6927,345,6,0,776,551,133,559,13
"205",205,"1",771,95,1328,652,8115,395,76,202,65,6236,2326,28,354,534,1929,1067,705,110,760,1135,19,769,423,1138,690,612,1561,138,416,680,34,656,171,736,1593,201,0,1178,709,286,985,372,111,935,82,1998,6980,356,6,65,1101,925,143,1076,33
"206",206,"1",752,119,960,626,10031,345,115,373,94,6148,3319,25,231,498,2250,1103,594,1159,706,1298,26,702,305,850,730,944,1372,134,328,988,43,570,173,724,1538,151,1,1131,792,299,824,682,95,932,127,1978,8865,511,17,30,1216,486,123,980,64
"207",207,"1",1271,85,860,-400,8738,281,0,56,41,6352,3016,0,282,308,1678,1054,793,48,665,0,29,807,471,1018,690,825,1137,99,253,848,16,278,142,738,1412,122,0,1117,905,404,757,567,0,1041,94,1306,7673,365,8,0,912,555,183,799,44
"208",208,"1",853,106,884,673,6527,320,0,55,61,3779,1821,0,217,174,1563,743,382,201,206,1181,24,535,394,492,739,381,1051,88,131,726,8,13,106,609,1155,143,0,613,544,244,544,311,0,615,156,1849,8121,239,6,7,937,758,107,686,59
"209",209,"1",571,50,473,412,6483,203,370,85,53,2678,1676,56,173,319,1874,605,382,1049,727,567,29,504,248,549,564,276,1395,59,191,648,16,312,92,410,831,60,3,775,369,199,611,754,237,456,86,1122,5594,284,12,19,734,615,68,550,45
"210",210,"1",1357,67,904,410,5508,283,-12,57,52,3838,2840,19,134,373,1864,890,372,88,660,640,16,504,222,655,345,795,871,57,262,730,13,331,79,662,1199,135,1,861,615,224,600,953,120,719,83,1054,8162,349,3,36,861,523,99,721,29
"211",211,"1",1117,70,637,729,6243,269,59,50,29,4115,2574,22,260,343,2082,509,340,701,688,796,21,435,352,708,557,1348,1043,109,215,375,19,319,170,626,1350,186,0,958,597,202,664,221,103,739,123,2014,5403,362,3,32,737,562,70,687,70
"212",212,"1",971,85,737,549,6659,342,118,75,55,4555,3033,105,235,423,2001,949,992,112,742,918,18,568,313,536,690,894,1110,119,308,572,14,100,202,599,1931,274,0,1122,746,289,786,209,76,909,125,1450,5277,456,4,41,863,690,181,863,38
"213",213,"1",1183,71,620,887,6590,373,87,52,60,4684,2881,63,228,258,2222,1055,798,966,732,899,33,678,488,58,825,874,1309,144,278,874,21,290,144,707,1922,232,0,1043,1077,259,725,703,151,1058,193,1672,5505,513,4,91,978,503,84,828,56
"214",214,"1",900,91,984,547,5334,281,0,58,65,4311,2614,0,284,298,2348,1013,665,133,793,0,32,579,144,1312,734,945,1247,153,154,577,21,529,207,651,1622,262,0,1119,853,276,699,731,0,917,251,1434,5751,334,12,0,1212,566,119,845,19
"215",215,"1",528,64,208,375,4619,502,0,67,56,2974,1619,0,244,165,1833,617,445,182,176,1223,18,578,0,734,717,626,871,52,109,528,15,148,94,581,1424,140,0,637,566,227,519,319,0,693,141,1634,2988,175,4,24,894,392,87,465,36
"216",216,"1",1650,70,304,320,6292,259,492,47,49,2258,2210,140,169,287,1764,1660,500,1282,656,623,21,550,662,941,714,511,915,66,158,395,27,225,73,404,1537,124,0,849,357,236,567,722,280,563,149,675,5477,326,9,14,664,547,40,550,24
"217",217,"1",532,-5,872,480,6084,476,29,20,45,2673,2253,77,215,388,1756,858,665,81,741,550,12,386,398,926,409,801,992,139,332,442,16,302,66,629,1258,229,0,844,650,234,557,102,70,937,134,826,6086,419,6,32,1005,342,83,698,31
"218",218,"1",2012,50,202,649,5292,170,180,24,38,3220,2629,136,275,320,2060,943,1258,1475,744,1404,21,442,336,903,532,904,1342,158,348,217,9,236,197,568,1523,238,0,1089,666,167,520,24,82,605,292,1899,6129,428,5,0,823,573,145,767,50
"219",219,"1",1769,81,677,722,5350,360,130,-10,72,3269,2523,112,306,358,1726,1163,2620,138,780,677,25,562,368,846,1154,585,1325,153,374,592,35,307,188,789,2007,333,0,1244,712,200,635,639,135,505,343,1783,3811,370,9,45,1121,545,93,916,38
"220",220,"1",1162,122,522,838,5427,452,145,107,57,3815,2300,55,264,317,2454,821,1344,1106,615,606,22,588,460,812,850,599,1536,126,335,660,22,358,122,635,1439,310,0,1296,710,294,866,605,94,1353,323,1631,4845,403,3,0,1013,645,191,848,41
"221",221,"1",1704,111,623,795,4110,168,0,266,74,3197,2359,0,309,231,1754,1125,1008,101,977,0,53,644,446,801,1017,735,1524,170,317,592,30,349,136,635,2379,374,2,1216,1093,224,752,562,0,1298,425,1496,5342,415,16,54,1217,437,143,783,21
"222",222,"1",1346,51,378,478,4090,189,0,-6,34,2583,1137,0,200,160,1973,882,763,102,256,1624,23,496,199,494,932,647,1160,84,293,405,8,291,105,709,977,218,0,922,667,261,561,298,0,1075,380,939,2713,368,11,5,938,288,143,544,36
"223",223,"1",823,39,171,368,5952,282,384,86,33,1885,1425,108,132,222,1903,883,653,1396,714,326,14,456,304,565,675,274,1195,100,241,337,21,349,69,649,1479,114,0,895,713,169,703,351,266,668,187,1784,3770,312,8,5,847,596,140,422,22
"224",224,"1",1558,34,509,273,4087,321,127,106,57,7569,2306,52,181,447,1433,711,594,84,878,689,22,611,355,806,491,634,1086,86,287,390,22,330,108,757,1977,184,1,1453,666,235,751,222,53,854,240,1241,5217,339,11,4,1021,343,257,955,24
"225",225,"1",623,72,523,615,5407,274,102,14,28,2402,1938,47,338,356,2167,865,617,1038,942,1151,19,455,-7757,634,733,781,1560,189,421,219,12,308,152,710,1174,267,0,1157,719,127,986,582,76,657,254,1559,4310,445,2,1,927,493,135,573,45
"226",226,"1",1046,106,1066,1392,5363,288,101,104,58,3571,2574,66,211,302,1433,1118,1230,226,1363,813,50,696,415,790,1038,751,1418,188,474,392,38,378,200,888,1651,362,0,1345,909,271,1001,195,65,1193,334,2195,3477,462,0,6,1126,566,203,858,28
"227",227,"1",1108,129,722,1174,5293,341,156,99,51,3198,1991,59,271,267,5538,1040,1064,1294,1433,822,15,828,212,1077,843,823,1602,143,192,464,21,449,90,863,2057,344,0,1332,1013,249,959,43,100,1629,259,1092,5468,528,5,0,1111,601,192,1400,50
"228",228,"1",1410,98,832,548,4382,341,0,140,52,3656,2168,52,219,256,2629,1083,933,2,516,0,35,772,438,797,914,539,1719,132,144,401,56,325,146,799,1276,361,1,1341,1147,252,764,251,0,964,293,1773,4457,424,5,17,948,179,252,998,17
"229",229,"1",511,89,254,698,3160,264,0,151,41,2564,1492,-52,162,169,1424,843,520,100,156,1395,15,453,366,43,707,410,1210,94,86,527,23,311,59,729,1017,297,0,773,420,188,601,41,0,663,220,1696,2092,296,1,14,1199,469,123,889,26
"230",230,"1",659,34,199,356,2456,197,0,206,36,1838,531,0,104,100,1343,590,327,1258,373,309,19,821,229,1078,638,242,872,68,84,337,29,332,37,525,1071,170,1,778,613,146,756,842,0,655,191,942,871,392,3,9,645,116,163,575,0
"231",231,"1",633,33,77,477,3424,180,417,59,47,1823,1446,94,197,308,1580,390,481,469,332,256,12,356,171,596,383,249,1249,69,502,117,18,277,37,557,938,71,0,656,833,164,533,129,349,301,103,649,4218,372,3,1,836,563,86,749,71
"232",232,"1",811,65,500,498,3083,288,89,0,25,2056,1940,45,98,246,1385,724,576,511,641,1561,21,336,181,968,260,426,1402,90,440,152,23,329,87,573,911,238,0,973,876,119,867,3,84,305,168,852,4722,306,2,6,882,480,147,913,48
"233",233,"1",1148,125,454,548,3821,285,222,158,25,2583,1964,88,169,320,1959,788,954,54,934,464,26,504,403,944,381,517,1231,195,456,303,56,424,161,756,1274,332,0,1121,771,187,677,772,106,379,263,1879,2739,452,5,4,1236,597,209,1589,48
"234",234,"1",1138,108,523,1184,4108,305,233,93,81,3650,1654,17,170,327,2376,1274,851,950,897,755,32,643,440,1423,467,853,1608,123,468,266,47,474,134,861,1599,241,0,1240,942,227,1009,302,123,2454,283,1352,5407,607,7,0,1115,465,157,1440,65
"235",235,"1",943,106,603,723,3456,430,0,167,59,3190,2077,0,129,234,2008,1074,805,5,838,0,42,659,554,729,872,445,1800,129,267,405,32,449,98,849,1371,467,1,1242,1017,268,891,511,0,932,320,1289,2626,487,9,19,1300,367,347,1430,33
"236",236,"1",1109,62,386,509,2808,330,0,123,40,2423,1396,0,112,105,1383,1243,471,10,420,1281,29,724,286,27,723,254,1518,91,80,357,44,297,100,725,1020,426,0,837,695,181,0,288,0,1886,201,758,4020,616,7,0,874,220,178,1621,49
"237",237,"1",704,77,212,408,3673,391,569,88,30,1736,984,64,79,291,1529,735,394,1463,575,492,40,547,254,1201,638,144,1454,127,454,241,18,334,81,586,1122,254,1,1079,869,151,1409,370,225,816,163,2188,4606,559,12,1,757,684,121,841,46
"238",238,"1",701,43,489,870,2855,543,136,200,65,3116,1657,39,64,322,1511,690,653,135,804,371,15,598,313,702,402,505,1630,117,328,240,34,436,81,767,1039,233,0,1001,1091,176,1037,422,120,790,193,1194,6962,566,6,11,943,361,156,1438,46
"239",239,"1",927,52,696,722,3401,493,135,97,56,2355,2007,47,101,288,1902,580,958,823,737,612,23,642,306,804,462,711,1310,206,449,248,32,390,118,653,1314,269,0,1033,970,192,808,112,108,652,297,1708,4525,753,0,0,845,492,220,1499,128
"240",240,"1",670,105,1752,992,3626,545,220,84,47,3255,1856,32,159,330,2088,838,1185,210,689,478,21,630,429,1012,909,701,1557,234,502,415,34,569,158,893,1507,390,1,1067,1034,212,924,583,130,1324,395,1302,4389,892,3,6,1101,387,234,2118,86
"241",241,"1",1106,115,2000,871,4492,664,141,48,62,3204,1951,29,137,434,2226,1037,974,1364,743,979,43,542,454,764,1085,497,1993,213,466,361,47,487,151,793,1365,507,0,1011,1249,283,747,817,132,872,389,2005,3229,1124,1,19,1242,482,253,2592,95
"242",242,"1",1301,85,-112,1078,3640,417,0,83,50,3573,1889,0,109,266,2461,1082,946,17,913,0,30,548,599,554,914,655,1247,259,410,371,59,461,162,983,1079,377,6,951,1237,249,701,1309,0,922,369,1310,3262,1107,4,0,953,303,191,2398,33
"243",243,"1",798,91,467,563,3001,554,0,117,53,2521,1037,0,77,144,1316,746,625,13,345,936,44,549,359,36,1296,277,1206,132,286,390,27,453,67,865,1227,351,0,762,1003,202,663,845,0,468,252,1604,5546,881,5,12,856,283,180,1734,91
"244",244,"1",818,71,233,641,4140,688,497,101,23,1685,879,73,56,428,1659,523,596,1523,492,243,27,412,256,1507,925,192,1814,184,305,205,5,392,104,575,1115,286,1,856,1101,197,805,638,312,416,173,1104,22276,630,4,0,627,634,117,1313,73
"245",245,"1",804,46,595,617,2860,616,136,94,43,2470,955,43,63,480,1479,613,668,281,719,752,40,341,173,751,480,465,1760,283,440,257,38,426,107,751,1165,264,0,685,1164,324,783,120,112,2665,320,821,4333,654,2,9,872,430,213,1737,72
"246",246,"1",569,54,438,982,3273,634,155,69,29,2590,1867,45,167,354,1820,714,1282,1118,966,616,25,384,543,886,678,552,1550,242,450,531,17,408,197,666,1173,473,0,903,1089,190,861,64,133,897,445,1522,4482,890,1,12,580,809,120,1883,153
"247",247,"1",1053,140,568,1086,3321,559,157,117,56,2541,1537,28,88,517,2289,903,1037,106,640,577,44,500,481,1108,912,737,1361,347,453,431,37,564,237,953,1805,470,0,991,1083,356,848,1182,134,1021,463,1053,4828,1219,2,0,902,555,202,2467,136
"248",248,"1",2452,118,515,897,4062,761,115,138,57,2847,1755,23,131,681,2755,1175,1038,1391,920,706,20,557,488,1043,1177,722,2059,275,431,592,41,548,263,909,5422,434,0,1150,1276,459,830,1063,-130,1195,457,1648,3265,1370,7,6,941,552,247,2612,115
"249",249,"1",933,111,459,809,3481,467,0,71,52,2795,1464,0,127,183,2308,1163,877,0,888,0,25,478,569,929,1470,645,1395,287,434,534,36,750,205,1006,1583,495,0,1115,990,253,886,508,0,1371,579,1436,2998,1019,8,21,975,365,205,2894,45
"250",250,"1",730,115,411,487,2484,499,0,104,35,1882,768,0,98,90,1588,902,716,126,347,923,28,567,592,37,1075,182,1176,183,467,356,51,698,152,868,1166,344,0,800,823,239,833,891,0,614,408,1832,5897,1060,3,0,736,308,190,2249,168
"251",251,"1",662,118,276,807,3098,495,560,129,14,738,642,0,87,885,1898,860,632,1815,618,240,12,476,430,1373,904,190,1779,412,515,493,36,559,141,836,1090,259,0,993,861,175,872,1118,243,568,197,954,3140,826,3,1,449,774,164,1822,121
"252",252,"1",571,125,672,706,3143,491,182,142,36,3266,1056,157,85,468,1504,746,978,158,918,533,37,434,512,1117,809,589,922,287,466,378,25,456,172,1188,887,418,0,1105,1025,302,1577,1045,132,1179,259,868,6864,694,4,0,923,415,180,2424,67
"253",253,"1",1147,105,326,942,3186,632,221,82,26,1948,1466,45,119,695,2262,968,1014,1006,909,610,54,412,532,1175,688,552,1249,354,520,393,33,708,278,1005,1620,445,1,1080,980,257,916,288,192,308,392,1498,3484,917,3,0,755,549,156,2428,127
"254",254,"1",1043,131,703,1124,3181,633,192,174,32,2628,1525,62,105,366,2176,1164,1235,146,789,551,40,780,754,990,1066,696,1713,447,621,423,51,614,226,1383,2214,372,0,1327,1170,311,943,312,166,381,747,1244,4039,1046,3,8,450,606,176,3004,135
"255",255,"1",954,126,564,958,4058,731,555,150,65,2660,1396,67,94,613,2429,1500,1000,1321,947,817,37,714,761,993,1166,672,1947,418,792,778,217,740,339,1601,1817,476,0,1495,1190,315,1192,680,162,862,386,1079,5727,1076,13,0,966,561,283,2820,131
"256",256,"1",1682,147,625,746,3130,475,0,188,50,2787,1535,82,133,174,2267,1455,819,22,1010,0,18,483,672,1179,1421,609,1101,446,426,544,63,947,296,1728,2014,440,0,1157,1189,332,0,628,0,1706,464,1190,5449,1056,10,1,1116,433,161,3022,151
"257",257,"1",789,189,354,488,3141,460,0,118,46,1868,837,-82,70,262,1411,1087,442,33,510,893,33,591,644,51,1039,321,865,248,404,305,48,626,181,1226,592,416,3,941,569,259,1891,300,0,691,432,1392,3029,1387,7,0,1067,367,160,1923,139
"258",258,"1",544,211,334,417,3085,640,823,120,28,1415,741,136,50,868,2210,784,517,1338,701,218,26,492,515,1470,973,215,1606,389,452,410,35,511,155,937,2404,312,2,1057,665,285,965,630,343,577,180,2341,3977,1115,32,-5,687,675,114,1839,125
"259",259,"1",764,145,846,641,2602,506,121,103,105,2251,974,65,83,655,1562,996,648,260,954,532,20,414,495,1144,941,975,1875,506,498,492,51,629,315,1394,1393,503,0,1335,1364,291,1129,432,177,811,278,1654,4658,716,4,-1,625,492,194,2106,141
"260",260,"1",941,128,621,809,3410,875,123,84,45,2582,1668,50,106,746,2624,1288,1296,1054,928,2156,39,467,535,1230,911,563,2090,561,639,464,69,509,425,1356,1911,493,0,1424,1006,299,1295,31,180,735,1030,2029,5942,1073,6,1,509,806,203,2490,129
"261",261,"1",557,135,849,1265,3652,776,384,132,68,3306,1373,66,101,615,3111,1461,1544,165,881,524,35,761,444,1417,1271,578,1470,572,663,471,78,1298,384,1835,2389,527,0,1539,1212,475,1421,526,269,1050,535,1979,4558,1453,11,2,1844,727,186,3237,193
"262",262,"1",1490,180,694,1167,3844,882,290,145,78,2908,1792,55,164,826,2776,1834,1274,1790,1083,257,27,733,765,1332,1390,862,2302,712,109,814,92,865,485,1593,2018,656,0,1840,1524,417,1381,598,249,921,774,1558,4506,1332,8,0,1114,610,382,3218,243
"263",263,"1",1061,251,884,908,3074,979,0,171,75,0,1417,67,71,253,2782,1925,1076,107,997,0,30,517,639,1526,1516,957,3165,640,1719,678,122,864,481,1448,2203,588,2,1356,1533,387,1452,472,0,945,732,1770,3455,1390,11,1,1256,386,206,2921,120
"264",264,"1",816,258,590,613,2774,705,0,132,66,5570,1235,22,101,228,2702,1570,842,38,728,1181,27,684,563,42,1440,294,282,615,495,459,51,751,261,1143,1605,637,0,1291,766,338,1016,307,0,785,617,1833,2975,1147,11,0,811,304,215,2674,156
"265",265,"1",734,197,497,654,2883,747,1339,159,38,1533,906,92,42,508,2770,1574,510,1927,716,60,29,504,760,1836,1171,296,979,472,457,511,65,469,379,1032,1495,473,0,1430,797,209,1024,563,0,649,361,2819,4047,1035,8,0,854,738,153,2229,191
"266",266,"1",1117,155,677,680,3655,915,320,105,46,2725,1181,96,61,1324,3405,1572,1080,234,893,682,28,482,749,1558,1135,713,1036,477,704,537,71,988,351,1391,1783,508,0,1447,1309,316,1829,306,666,828,414,1178,5633,946,10,3,1235,1046,274,3482,162
"267",267,"1",784,143,911,1079,3480,791,164,71,64,2883,1544,75,98,547,2964,1165,1374,1273,1311,880,36,574,580,1567,1369,876,3717,639,924,557,70,939,577,1235,1970,702,0,2039,1122,387,1283,976,204,926,876,1717,5712,1193,3,0,805,757,263,3304,213
"268",268,"1",1185,165,1088,1278,3286,1238,167,95,34,3356,1791,86,88,937,4087,1947,1327,150,1132,743,20,629,587,2517,1163,1322,1929,722,961,554,77,971,668,1464,2526,706,3,2178,1221,361,1546,569,274,1297,797,2215,5783,1470,14,1,1331,770,264,4039,198
"269",269,"1",1212,228,760,1015,3721,1269,802,164,89,3449,1786,111,85,763,5008,2298,1514,1694,1354,774,29,780,767,2218,2290,1116,2622,631,1286,751,88,810,812,1703,2694,864,0,2148,1472,411,1683,327,253,1147,793,744,5591,1475,12,0,1183,695,498,4172,290
"270",270,"1",1288,214,904,883,2156,1092,0,218,79,4044,1589,0,94,348,3568,2485,952,107,1059,0,48,641,584,115,1694,751,1890,610,620,1016,111,934,573,1788,1988,744,6,2234,1195,369,1485,238,0,961,806,2509,4426,1334,11,6,1114,521,221,0,151
"271",271,"1",964,224,737,644,2089,999,0,151,36,2539,1305,0,82,510,4083,1605,636,106,715,1143,26,686,730,78,1722,0,1502,537,734,526,69,1275,445,1390,2096,717,0,1562,796,216,1102,643,0,776,658,2518,5383,1097,11,0,900,349,280,0,209
"272",1,"2020-01-21",0,0,0,0,0,0,0,0,0,0,0,0,0,0,0,0,0,0,0,0,0,0,0,0,0,0,0,0,0,0,0,0,0,0,0,0,0,0,0,0,0,0,0,0,0,0,0,0,0,0,0,1,0,0,0
